{
  "com.badlogic.gdx.graphics.g2d.BitmapFont": {
    "default-font": {
      "file": "upheavtt.fnt"
    }
  },
  "com.badlogic.gdx.graphics.Color": {
    "white": {"r": 1, "g": 1, "b": 1, "a": 1},
    "black": {"r": 0, "g": 0, "b": 0, "a": 1}
  },
  "com.badlogic.gdx.scenes.scene2d.ui.TextButton$TextButtonStyle": {
    "default": {
      "font": "default-font"
    }
  },
  "com.badlogic.gdx.scenes.scene2d.ui.Label$LabelStyle": {
    "default": {
      "font": "default-font"
    }
  },
  "com.badlogic.gdx.scenes.scene2d.ui.TextField$TextFieldStyle": {
    "default": {
      "font": "default-font",
      "fontColor": "white"
    }
  },
  "com.badlogic.gdx.scenes.scene2d.ui.Window$WindowStyle": {
    "default": {
      "titleFont": "default-font"
    }
  }
}
